{
  "X_mean": [
    19.08473777770996,
    50.58259582519531,
    30.95439338684082,
    6.772257328033447,
    20.310522079467773,
    11.108246803283691,
    31.745738983154297,
    6.526913642883301
  ],
  "X_std": [
    7.777647018432617,
    20.943485260009766,
    9.336098670959473,
    2.4063496589660645,
    20.752033233642578,
    13.216687202453613,
    9.749420166015625,
    3.3634331226348877
  ],
  "y_mean": 29.286340713500977,
  "y_std": 20.361543655395508,
  "seq_len": 6,
  "feature_cols": [
    "temperature_c",
    "humidity_pct",
    "wind_speed_kmh",
    "drought_factor",
    "days_since_rain",
    "ffdi",
    "fire_weather_composite",
    "month"
  ],
  "rmse": 6.32
}